Category,,Price,Product Name,Size
Dollshouse,,80,Mia Casa with Dolly,518x83x459
Dollshouse,,60,Bella's House with Furniture,435x120x655
Dollshouse,,65,My First Dream House with Furniture,435x120x655
Dollshouse,,74,Sweetheart Cottage with Furniture,645x440x120
Dollshouse,,90,Lavender House NEW,680x490x135
Dollshouse,,74,Sweetheart Cottage with Furniture NEW,645x440x120
Dollshouse,,50,Nursery Set,78x220x233
Honeybake,,20,Camper Mini Stove Set,300x100x300
Honeybake,,15,Blender Set 'Fruit & Smooth',279x91x400
Honeybake,,20,Cash Register,178x174x156
Honeybake,,10,Chocolate Box,200x187x49
Honeybake,,60,Oven & Hob RED ,310x310x493
Honeybake,,12,Trinket Boxes,50x50x50
Honeybake,,60,Washing Machine NEW,310x310x550
Castles,,70,Camelot Castle Red,517x158x307
Castles,,50,Excalibur Castle Blue,517x158x307
Castles,,60,Lionheart Castle,690x180x370
Castles,,57,Fairybelle Palace,135x680x490
Castles,,90,Three Wishes Castle,590x175x460
Castles,,12,Siege Tower Red,195x165x345
Castles,,15,Trebuchet,241x131x171
